model,threshold,n,prevalence,harm,test_pos_rate,tp_rate,fp_rate,net_benefit,net_intervention_avoided
XGBoost_prob,0.0,1112,0.41636690647482016,0.0,0.9136690647482014,0.4091726618705036,0.5044964028776979,0.4091726618705036,-inf
XGBoost_prob,0.01,1112,0.41636690647482016,0.0,0.9136690647482014,0.4091726618705036,0.5044964028776979,0.4040767386091127,-0.6330935251798613
XGBoost_prob,0.02,1112,0.41636690647482016,0.0,0.9136690647482014,0.4091726618705036,0.5044964028776979,0.3988768169138159,-0.27338129496403035
XGBoost_prob,0.03,1112,0.41636690647482016,0.0,0.9100719424460432,0.4091726618705036,0.5008992805755396,0.39368093154342504,-0.14988009592326254
XGBoost_prob,0.04,1112,0.41636690647482016,0.0,0.9100719424460432,0.4091726618705036,0.5008992805755396,0.38830185851318944,-0.0899280575539576
XGBoost_prob,0.05,1112,0.41636690647482016,0.0,0.8372302158273381,0.40467625899280574,0.4325539568345324,0.3819102612646724,-0.07104316546762762
XGBoost_prob,0.06,1112,0.41636690647482016,0.0,0.835431654676259,0.40467625899280574,0.4307553956834533,0.3771812337364151,-0.030275779376499782
XGBoost_prob,0.07,1112,0.41636690647482016,0.0,0.8048561151079137,0.4010791366906475,0.4037769784172662,0.37068732111085323,-0.02325282631038107
XGBoost_prob,0.08,1112,0.41636690647482016,0.0,0.8003597122302158,0.4010791366906475,0.39928057553956836,0.3663590866437285,0.008543165467625735
XGBoost_prob,0.09,1112,0.41636690647482016,0.0,0.8003597122302158,0.4010791366906475,0.39928057553956836,0.36158984899992097,0.02977617905675478
XGBoost_prob,0.1,1112,0.41636690647482016,0.0,0.7994604316546763,0.4010791366906475,0.3983812949640288,0.35681454836131093,0.04766187050359699
XGBoost_prob,0.11,1112,0.41636690647482016,0.0,0.7985611510791367,0.4010791366906475,0.39748201438848924,0.35195214614824993,0.06245912361020268
XGBoost_prob,0.12,1112,0.41636690647482016,0.0,0.7823741007194245,0.3965827338129497,0.38579136690647486,0.3439748201438849,0.05275779376498809
XGBoost_prob,0.13,1112,0.41636690647482016,0.0,0.7769784172661871,0.3965827338129497,0.38039568345323743,0.3397419995038452,0.07083563918096282
XGBoost_prob,0.14,1112,0.41636690647482016,0.0,0.7742805755395683,0.3956834532374101,0.37859712230215825,0.33405136356031456,0.07798047276464569
XGBoost_prob,0.15,1112,0.41636690647482016,0.0,0.7616906474820144,0.39298561151079137,0.36870503597122306,0.32792001692763434,0.08243405275779367
XGBoost_prob,0.16,1112,0.41636690647482016,0.0,0.7571942446043165,0.39298561151079137,0.36420863309352525,0.3236125385405961,0.0966726618705036
XGBoost_prob,0.17,1112,0.41636690647482016,0.0,0.7544964028776978,0.39298561151079137,0.3615107913669065,0.3189412325561238,0.1079665679221328
XGBoost_prob,0.18,1112,0.41636690647482016,0.0,0.7194244604316546,0.3902877697841727,0.329136690647482,0.3180382523249693,0.13569144684252593
XGBoost_prob,0.19,1112,0.41636690647482016,0.0,0.7176258992805755,0.3902877697841727,0.3273381294964029,0.31350475175415227,0.145115486558122
XGBoost_prob,0.2,1112,0.41636690647482016,0.0,0.7149280575539568,0.3902877697841727,0.3246402877697842,0.3091276978417266,0.15467625899280568
XGBoost_prob,0.21,1112,0.41636690647482016,0.0,0.7149280575539568,0.3902877697841727,0.3246402877697842,0.30399098442764777,0.16088557725248379
XGBoost_prob,0.22,1112,0.41636690647482016,0.0,0.6690647482014388,0.3839928057553957,0.28507194244604317,0.3035878989116399,0.1837802485284497
XGBoost_prob,0.23,1112,0.41636690647482016,0.0,0.6303956834532374,0.3767985611510792,0.2535971223021583,0.3010487713725124,0.19756803253049732
XGBoost_prob,0.24,1112,0.41636690647482016,0.0,0.6070143884892086,0.36870503597122306,0.23830935251798563,0.2934494509655434,0.19439448441247023
XGBoost_prob,0.25,1112,0.41636690647482016,0.0,0.5926258992805755,0.3642086330935252,0.22841726618705038,0.2880695443645084,0.19874100719424453
XGBoost_prob,0.26,1112,0.41636690647482016,0.0,0.579136690647482,0.36330935251798563,0.21582733812949642,0.28747812560762204,0.21679579413392372
XGBoost_prob,0.27,1112,0.41636690647482016,0.0,0.579136690647482,0.36330935251798563,0.21582733812949642,0.2834828027988568,0.2243538502531308
XGBoost_prob,0.28,1112,0.41636690647482016,0.0,0.579136690647482,0.36330935251798563,0.21582733812949642,0.2793764988009592,0.23137204522096608
XGBoost_prob,0.29,1112,0.41636690647482016,0.0,0.5773381294964028,0.36241007194244607,0.21492805755395686,0.27462255547674536,0.2366038203919623
XGBoost_prob,0.3,1112,0.41636690647482016,0.0,0.5665467625899281,0.35881294964028776,0.2077338129496403,0.2697841726618705,0.24160671462829728
XGBoost_prob,0.31,1112,0.41636690647482016,0.0,0.5440647482014388,0.3534172661870504,0.1906474820143885,0.26776404962986133,0.25287189603156185
XGBoost_prob,0.32,1112,0.41636690647482016,0.0,0.5377697841726619,0.3516187050359712,0.18615107913669066,0.2640181972069403,0.25989208633093525
XGBoost_prob,0.33,1112,0.41636690647482016,0.0,0.5116906474820144,0.3444244604316547,0.1672661870503597,0.26203962203371634,0.27030194026596915
XGBoost_prob,0.34,1112,0.41636690647482016,0.0,0.4982014388489209,0.3399280575539569,0.15827338129496404,0.2583932853717027,0.2769784172661872
XGBoost_prob,0.35000000000000003,1112,0.41636690647482016,0.0,0.47302158273381295,0.329136690647482,0.14388489208633096,0.2516602102933038,0.27774922918807815
XGBoost_prob,0.36,1112,0.41636690647482016,0.0,0.46672661870503596,0.3264388489208633,0.14028776978417268,0.24752697841726615,0.2834732214228616
XGBoost_prob,0.37,1112,0.41636690647482016,0.0,0.41007194244604317,0.29676258992805754,0.11330935251798561,0.23021582733812948,0.26667314796811203
XGBoost_prob,0.38,1112,0.41636690647482016,0.0,0.4091726618705036,0.295863309352518,0.11330935251798561,0.22641564168020423,0.2737126088602802
XGBoost_prob,0.39,1112,0.41636690647482016,0.0,0.4091726618705036,0.295863309352518,0.11330935251798561,0.22341962495577306,0.28184375576461906
XGBoost_prob,0.4,1112,0.41636690647482016,0.0,0.4028776978417266,0.2931654676258993,0.10971223021582735,0.22002398081534771,0.28911870503597126
XGBoost_prob,0.41000000000000003,1112,0.41636690647482016,0.0,0.4028776978417266,0.2931654676258993,0.10971223021582735,0.21692476527252774,0.2966309878926127
XGBoost_prob,0.42,1112,0.41636690647482016,0.0,0.38219424460431656,0.2814748201438849,0.10071942446043167,0.20854006450012408,0.2966341212744091
XGBoost_prob,0.43,1112,0.41636690647482016,0.0,0.37589928057553956,0.2751798561151079,0.10071942446043167,0.19919853590811562,0.2957587418437343
XGBoost_prob,0.44,1112,0.41636690647482016,0.0,0.3606115107913669,0.26618705035971224,0.09442446043165469,0.19199640287769784,0.2980706344015696
XGBoost_prob,0.45,1112,0.41636690647482016,0.0,0.27068345323741005,0.22661870503597123,0.04406474820143885,0.19056572923479398,0.30765387689848117
XGBoost_prob,0.46,1112,0.41636690647482016,0.0,0.23471223021582735,0.20413669064748202,0.030575539568345324,0.1780908606448175,0.30391773537691585
XGBoost_prob,0.47000000000000003,1112,0.41636690647482016,0.0,0.23471223021582735,0.20413669064748202,0.030575539568345324,0.17702253291706257,0.31373411908770854
XGBoost_prob,0.48,1112,0.41636690647482016,0.0,0.23201438848920863,0.20143884892086333,0.030575539568345324,0.17321527393469843,0.32021882494004794
XGBoost_prob,0.49,1112,0.41636690647482016,0.0,0.23201438848920863,0.20143884892086333,0.030575539568345324,0.17206235011990412,0.32935692262516514
XGBoost_prob,0.5,1112,0.41636690647482016,0.0,0.23111510791366907,0.20143884892086333,0.029676258992805758,0.17176258992805757,0.33902877697841727
XGBoost_prob,0.51,1112,0.41636690647482016,0.0,0.20323741007194246,0.17715827338129497,0.026079136690647483,0.15001468213184554,0.3277260544505572
XGBoost_prob,0.52,1112,0.41636690647482016,0.0,0.18615107913669066,0.16097122302158273,0.025179856115107917,0.13369304556354916,0.3227033757609298
XGBoost_prob,0.53,1112,0.41636690647482016,0.0,0.18615107913669066,0.16097122302158273,0.025179856115107917,0.13257691718965253,0.33197027283833314
XGBoost_prob,0.54,1112,0.41636690647482016,0.0,0.18525179856115107,0.16007194244604317,0.025179856115107917,0.13051298091961214,0.34012789768185453
XGBoost_prob,0.55,1112,0.41636690647482016,0.0,0.18525179856115107,0.16007194244604317,0.025179856115107917,0.12929656274980014,0.34875735775016353
XGBoost_prob,0.56,1112,0.41636690647482016,0.0,0.17985611510791366,0.15737410071942448,0.022482014388489208,0.12876062786134732,0.3576567317574512
XGBoost_prob,0.5700000000000001,1112,0.41636690647482016,0.0,0.16097122302158273,0.1429856115107914,0.01798561151079137,0.11914421950811446,0.35941247002398086
XGBoost_prob,0.58,1112,0.41636690647482016,0.0,0.1564748201438849,0.1420863309352518,0.014388489208633094,0.1222165125042823,0.37062763582237657
XGBoost_prob,0.59,1112,0.41636690647482016,0.0,0.1564748201438849,0.1420863309352518,0.014388489208633094,0.1213809440252676,0.37864284843311796
XGBoost_prob,0.6,1112,0.41636690647482016,0.0,0.15557553956834533,0.14118705035971224,0.014388489208633094,0.1196043165467626,0.3857913669064748
XGBoost_prob,0.61,1112,0.41636690647482016,0.0,0.15557553956834533,0.14118705035971224,0.014388489208633094,0.11868197749492715,0.3933099422101663
XGBoost_prob,0.62,1112,0.41636690647482016,0.0,0.1393884892086331,0.12589928057553956,0.013489208633093526,0.10389057175312381,0.3921153399860757
XGBoost_prob,0.63,1112,0.41636690647482016,0.0,0.13219424460431656,0.11960431654676261,0.012589928057553958,0.0981674120163329,0.39675402535114773
XGBoost_prob,0.64,1112,0.41636690647482016,0.0,0.10701438848920863,0.10161870503597123,0.005395683453237411,0.0920263788968825,0.40119154676259
XGBoost_prob,0.65,1112,0.41636690647482016,0.0,0.10701438848920863,0.10161870503597123,0.005395683453237411,0.09159815005138747,0.4087576092971777
XGBoost_prob,0.66,1112,0.41636690647482016,0.0,0.10701438848920863,0.10161870503597123,0.005395683453237411,0.09114473127380449,0.41609439720950525
XGBoost_prob,0.67,1112,0.41636690647482016,0.0,0.10701438848920863,0.10161870503597123,0.005395683453237411,0.0906638325703074,0.42321217652743487
XGBoost_prob,0.68,1112,0.41636690647482016,0.0,0.09172661870503597,0.0881294964028777,0.0035971223021582736,0.08048561151079137,0.4255713076597546
XGBoost_prob,0.6900000000000001,1112,0.41636690647482016,0.0,0.09082733812949641,0.08723021582733814,0.0035971223021582736,0.0792237177999536,0.43216296527995
XGBoost_prob,0.7000000000000001,1112,0.41636690647482016,0.0,0.06924460431654676,0.06744604316546764,0.0017985611510791368,0.06324940047961632,0.4322970195272355
XGBoost_prob,0.71,1112,0.41636690647482016,0.0,0.06924460431654676,0.06744604316546764,0.0017985611510791368,0.06304266931282561,0.4393175600364779
XGBoost_prob,0.72,1112,0.41636690647482016,0.0,0.06744604316546762,0.0656474820143885,0.0017985611510791368,0.061022610483042146,0.4454436450839329
XGBoost_prob,0.73,1112,0.41636690647482016,0.0,0.06744604316546762,0.0656474820143885,0.0017985611510791368,0.06078470556887824,0.4521163890805164
XGBoost_prob,0.74,1112,0.41636690647482016,0.0,0.06115107913669065,0.059352517985611516,0.0017985611510791368,0.05423353624792474,0.45639704452654095
XGBoost_prob,0.75,1112,0.41636690647482016,0.0,0.05755395683453238,0.05665467625899281,0.0008992805755395684,0.053956834532374105,0.46282973621103124
Random Forest_prob,0.0,1112,0.41636690647482016,0.0,0.8821942446043165,0.4064748201438849,0.4757194244604317,0.4064748201438849,-inf
Random Forest_prob,0.01,1112,0.41636690647482016,0.0,0.8803956834532374,0.4064748201438849,0.47392086330935257,0.4016877407165177,-0.8696043165467664
Random Forest_prob,0.02,1112,0.41636690647482016,0.0,0.8579136690647482,0.40467625899280574,0.45323741007194246,0.395426515930113,-0.44244604316547037
Random Forest_prob,0.03,1112,0.41636690647482016,0.0,0.8579136690647482,0.40467625899280574,0.45323741007194246,0.39065860713491063,-0.24760191846522844
Random Forest_prob,0.04,1112,0.41636690647482016,0.0,0.8579136690647482,0.40467625899280574,0.45323741007194246,0.3857913669064748,-0.15017985611510862
Random Forest_prob,0.05,1112,0.41636690647482016,0.0,0.8300359712230215,0.40377697841726623,0.4262589928057554,0.3813422945853844,-0.08183453237410049
Random Forest_prob,0.06,1112,0.41636690647482016,0.0,0.7769784172661871,0.39928057553956836,0.37769784172661874,0.37517220266340123,-0.061750599520383705
Random Forest_prob,0.07,1112,0.41636690647482016,0.0,0.7769784172661871,0.39928057553956836,0.37769784172661874,0.37085170573218845,-0.021068859198355966
Random Forest_prob,0.08,1112,0.41636690647482016,0.0,0.7760791366906474,0.39928057553956836,0.3767985611510791,0.3665154832655615,0.010341726618704972
Random Forest_prob,0.09,1112,0.41636690647482016,0.0,0.7212230215827338,0.3920863309352518,0.329136690647482,0.3595343505415448,0.008992805755395837
Random Forest_prob,0.1,1112,0.41636690647482016,0.0,0.7212230215827338,0.3920863309352518,0.329136690647482,0.35551558752997603,0.03597122302158284
Random Forest_prob,0.11,1112,0.41636690647482016,0.0,0.7140287769784173,0.39118705035971224,0.3228417266187051,0.3512852639236925,0.05706344015696547
Random Forest_prob,0.12,1112,0.41636690647482016,0.0,0.7131294964028777,0.39118705035971224,0.32194244604316546,0.3472858077174624,0.07703836930455647
Random Forest_prob,0.13,1112,0.41636690647482016,0.0,0.6717625899280576,0.3839928057553957,0.2877697841726619,0.34099272306292894,0.07920586607636934
Random Forest_prob,0.14,1112,0.41636690647482016,0.0,0.670863309352518,0.3839928057553957,0.28687050359712235,0.3372929563326083,0.0978931140801644
Random Forest_prob,0.15,1112,0.41636690647482016,0.0,0.6699640287769785,0.3839928057553957,0.28597122302158273,0.3335272958104105,0.11420863309352534
Random Forest_prob,0.16,1112,0.41636690647482016,0.0,0.6681654676258992,0.3839928057553957,0.2841726618705036,0.3298646796848236,0.12949640287769804
Random Forest_prob,0.17,1112,0.41636690647482016,0.0,0.6528776978417267,0.38219424460431656,0.27068345323741005,0.3267530553870157,0.14610664409648752
Random Forest_prob,0.18,1112,0.41636690647482016,0.0,0.6519784172661871,0.38219424460431656,0.26978417266187055,0.32297332865414985,0.15817346123101514
Random Forest_prob,0.19,1112,0.41636690647482016,0.0,0.6510791366906474,0.381294964028777,0.26978417266187055,0.31801225686117773,0.16433169254070426
Random Forest_prob,0.2,1112,0.41636690647482016,0.0,0.6097122302158273,0.3732014388489209,0.23651079136690648,0.31407374100719426,0.17446043165467628
Random Forest_prob,0.21,1112,0.41636690647482016,0.0,0.6079136690647482,0.3732014388489209,0.23471223021582735,0.3108095801839541,0.18653648509763618
Random Forest_prob,0.22,1112,0.41636690647482016,0.0,0.6070143884892086,0.3723021582733813,0.23471223021582735,0.30610127282789157,0.1926913015042511
Random Forest_prob,0.23,1112,0.41636690647482016,0.0,0.6070143884892086,0.3723021582733813,0.23471223021582735,0.3021933102868355,0.20139974976540506
Random Forest_prob,0.24,1112,0.41636690647482016,0.0,0.5962230215827338,0.3705035971223022,0.22571942446043167,0.29922377887163953,0.2126798561151079
Random Forest_prob,0.25,1112,0.41636690647482016,0.0,0.5836330935251799,0.3651079136690648,0.2185251798561151,0.2922661870503598,0.21133093525179875
Random Forest_prob,0.26,1112,0.41636690647482016,0.0,0.5827338129496403,0.3651079136690648,0.21762589928057555,0.2886447598677815,0.2201162147205314
Random Forest_prob,0.27,1112,0.41636690647482016,0.0,0.5818345323741008,0.3651079136690648,0.216726618705036,0.28494875332610625,0.22831734612310156
Random Forest_prob,0.28,1112,0.41636690647482016,0.0,0.5764388489208633,0.3642086330935252,0.21223021582733814,0.28167466027178256,0.23728160328879755
Random Forest_prob,0.29,1112,0.41636690647482016,0.0,0.5710431654676259,0.36241007194244607,0.20863309352517986,0.27719373796737257,0.24289878442073926
Random Forest_prob,0.3,1112,0.41636690647482016,0.0,0.5710431654676259,0.36241007194244607,0.20863309352517986,0.27299588900308325,0.24910071942446038
Random Forest_prob,0.31,1112,0.41636690647482016,0.0,0.5710431654676259,0.36241007194244607,0.20863309352517986,0.26867636325722033,0.2549025295892319
Random Forest_prob,0.32,1112,0.41636690647482016,0.0,0.5260791366906474,0.3498201438848921,0.1762589928057554,0.26687473550571306,0.2659622302158274
Random Forest_prob,0.33,1112,0.41636690647482016,0.0,0.5260791366906474,0.3498201438848921,0.1762589928057554,0.26300601309996774,0.27226400697623715
Random Forest_prob,0.34,1112,0.41636690647482016,0.0,0.5251798561151079,0.34892086330935257,0.1762589928057554,0.2581207761063876,0.2764494286923403
Random Forest_prob,0.35000000000000003,1112,0.41636690647482016,0.0,0.5224820143884892,0.34892086330935257,0.1735611510791367,0.2554648588821251,0.28481500513874625
Random Forest_prob,0.36,1112,0.41636690647482016,0.0,0.5134892086330936,0.3462230215827338,0.1672661870503597,0.2521357913669065,0.2916666666666667
Random Forest_prob,0.37,1112,0.41636690647482016,0.0,0.5134892086330936,0.3462230215827338,0.1672661870503597,0.24798732442617338,0.2969327240909976
Random Forest_prob,0.38,1112,0.41636690647482016,0.0,0.5134892086330936,0.3462230215827338,0.1672661870503597,0.24370503597122306,0.3019216205982583
Random Forest_prob,0.39,1112,0.41636690647482016,0.0,0.36241007194244607,0.27967625899280574,0.0827338129496403,0.22678087038565864,0.2871010883600811
Random Forest_prob,0.4,1112,0.41636690647482016,0.0,0.3597122302158273,0.27787769784172667,0.08183453237410072,0.22332134292565953,0.29406474820143896
Random Forest_prob,0.41000000000000003,1112,0.41636690647482016,0.0,0.35431654676258995,0.27787769784172667,0.07643884892086332,0.22475917571027926,0.3079048955957186
Random Forest_prob,0.42,1112,0.41636690647482016,0.0,0.3534172661870504,0.27787769784172667,0.07553956834532374,0.22317663110890604,0.3168465227817746
Random Forest_prob,0.43,1112,0.41636690647482016,0.0,0.31744604316546765,0.26079136690647486,0.05665467625899281,0.2180518742900417,0.3207503764430316
Random Forest_prob,0.44,1112,0.41636690647482016,0.0,0.30485611510791366,0.25449640287769787,0.05035971223021583,0.21492805755395686,0.32725637671680835
Random Forest_prob,0.45,1112,0.41636690647482016,0.0,0.27248201438848924,0.23920863309352522,0.03327338129496403,0.21198495748855464,0.33383293365307753
Random Forest_prob,0.46,1112,0.41636690647482016,0.0,0.26798561151079137,0.23741007194244607,0.030575539568345324,0.21136424193978154,0.3429777916796998
Random Forest_prob,0.47000000000000003,1112,0.41636690647482016,0.0,0.26798561151079137,0.23741007194244607,0.030575539568345324,0.21029591421202662,0.35125516607990204
Random Forest_prob,0.48,1112,0.41636690647482016,0.0,0.25719424460431656,0.2302158273381295,0.026978417266187053,0.20531267293857222,0.35499100719424453
Random Forest_prob,0.49,1112,0.41636690647482016,0.0,0.24910071942446044,0.22302158273381298,0.026079136690647483,0.197965157285936,0.3563169872265453
Random Forest_prob,0.5,1112,0.41636690647482016,0.0,0.24550359712230216,0.21942446043165467,0.026079136690647483,0.19334532374100719,0.3606115107913669
Random Forest_prob,0.51,1112,0.41636690647482016,0.0,0.2221223021582734,0.19964028776978418,0.022482014388489208,0.17624064014094848,0.35292354351812666
Random Forest_prob,0.52,1112,0.41636690647482016,0.0,0.2185251798561151,0.1969424460431655,0.021582733812949645,0.17356115107913672,0.35950470392916445
Random Forest_prob,0.53,1112,0.41636690647482016,0.0,0.21223021582733814,0.1933453237410072,0.018884892086330936,0.17204959436705955,0.36697434505226006
Random Forest_prob,0.54,1112,0.41636690647482016,0.0,0.19964028776978418,0.18345323741007194,0.01618705035971223,0.16445104785736628,0.36903810285105254
Random Forest_prob,0.55,1112,0.41636690647482016,0.0,0.19244604316546762,0.17985611510791366,0.012589928057553958,0.16446842525979216,0.3775343361674297
Random Forest_prob,0.56,1112,0.41636690647482016,0.0,0.18165467625899281,0.17266187050359713,0.008992805755395685,0.16121648136036626,0.3831577595066804
Random Forest_prob,0.5700000000000001,1112,0.41636690647482016,0.0,0.17805755395683454,0.16906474820143885,0.008992805755395685,0.1571440522001004,0.3880790104758299
Random Forest_prob,0.58,1112,0.41636690647482016,0.0,0.1591726618705036,0.1510791366906475,0.008093525179856115,0.13990236382322713,0.38343463160506075
Random Forest_prob,0.59,1112,0.41636690647482016,0.0,0.1447841726618705,0.13758992805755396,0.007194244604316547,0.12723723460256187,0.3827124740885259
Random Forest_prob,0.6,1112,0.41636690647482016,0.0,0.14028776978417265,0.13309352517985612,0.007194244604316547,0.1223021582733813,0.38758992805755393
Random Forest_prob,0.61,1112,0.41636690647482016,0.0,0.12050359712230216,0.11420863309352519,0.006294964028776979,0.10436266371518171,0.3841549711050832
Random Forest_prob,0.62,1112,0.41636690647482016,0.0,0.11690647482014388,0.11151079136690649,0.005395683453237411,0.10270730783794019,0.3913901137154792
Random Forest_prob,0.63,1112,0.41636690647482016,0.0,0.11330935251798561,0.10881294964028777,0.004496402877697842,0.10115691230799145,0.3985097636176773
Random Forest_prob,0.64,1112,0.41636690647482016,0.0,0.10971223021582734,0.1052158273381295,0.004496402877697842,0.09722222222222222,0.4041142086330936
Random Forest_prob,0.65,1112,0.41636690647482016,0.0,0.10431654676258993,0.09982014388489209,0.004496402877697842,0.09146968139773895,0.40868843386829
Random Forest_prob,0.66,1112,0.41636690647482016,0.0,0.09802158273381295,0.09352517985611511,0.004496402877697842,0.08479686838764283,0.41282428602572496
Random Forest_prob,0.67,1112,0.41636690647482016,0.0,0.09622302158273381,0.09172661870503597,0.004496402877697842,0.08259755831698277,0.4192392354772899
Random Forest_prob,0.68,1112,0.41636690647482016,0.0,0.09352517985611511,0.08992805755395683,0.0035971223021582736,0.08228417266187049,0.42641768937790947
Random Forest_prob,0.6900000000000001,1112,0.41636690647482016,0.0,0.08992805755395683,0.08633093525179857,0.0035971223021582736,0.07832443722441401,0.4317589406735482
Random Forest_prob,0.7000000000000001,1112,0.41636690647482016,0.0,0.08992805755395683,0.08633093525179857,0.0035971223021582736,0.07793764988009592,0.4385919835560124
Random Forest_prob,0.71,1112,0.41636690647482016,0.0,0.08363309352517985,0.08093525179856116,0.0026978417266187056,0.07433019101959812,0.4439279562265681
Random Forest_prob,0.72,1112,0.41636690647482016,0.0,0.0737410071942446,0.0710431654676259,0.0026978417266187056,0.06410585817060638,0.446642685851319
Random Forest_prob,0.73,1112,0.41636690647482016,0.0,0.0710431654676259,0.0683453237410072,0.0026978417266187056,0.06105115907274181,0.452214940376466
Random Forest_prob,0.74,1112,0.41636690647482016,0.0,0.0710431654676259,0.0683453237410072,0.0026978417266187056,0.060666851134477034,0.4586573984055999
Random Forest_prob,0.75,1112,0.41636690647482016,0.0,0.0710431654676259,0.0683453237410072,0.0026978417266187056,0.06025179856115108,0.4649280575539569
SVM_prob,0.0,1112,0.41636690647482016,0.0,0.9883093525179856,0.41636690647482016,0.5719424460431655,0.41636690647482016,
SVM_prob,0.01,1112,0.41636690647482016,0.0,0.9856115107913669,0.41636690647482016,0.5692446043165468,0.4106169609766732,0.014388489208630338
SVM_prob,0.02,1112,0.41636690647482016,0.0,0.9856115107913669,0.41636690647482016,0.5692446043165468,0.4047496696520335,0.01438848920863389
SVM_prob,0.03,1112,0.41636690647482016,0.0,0.8606115107913669,0.40377697841726623,0.45683453237410077,0.3896480753541497,-0.2802757793764987
SVM_prob,0.04,1112,0.41636690647482016,0.0,0.8471223021582733,0.40287769784172667,0.44424460431654683,0.38436750599520386,-0.18435251798561134
SVM_prob,0.05,1112,0.41636690647482016,0.0,0.8453237410071942,0.40287769784172667,0.44244604316546765,0.3795910639909126,-0.11510791366906463
SVM_prob,0.06,1112,0.41636690647482016,0.0,0.8255395683453237,0.4001798561151079,0.42535971223021585,0.3730292361855197,-0.09532374100719444
SVM_prob,0.07,1112,0.41636690647482016,0.0,0.7931654676258992,0.39928057553956836,0.393884892086331,0.36963332559758644,-0.03725590955806845
SVM_prob,0.08,1112,0.41636690647482016,0.0,0.7715827338129496,0.39748201438848924,0.37410071942446044,0.36495151704723183,-0.007643884892086117
SVM_prob,0.09,1112,0.41636690647482016,0.0,0.7715827338129496,0.39748201438848924,0.37410071942446044,0.3604830421377184,0.01858513189448458
SVM_prob,0.1,1112,0.41636690647482016,0.0,0.7643884892086331,0.39748201438848924,0.36690647482014394,0.3567146282973621,0.046762589928057596
SVM_prob,0.11,1112,0.41636690647482016,0.0,0.7275179856115108,0.39298561151079137,0.3345323741007194,0.3516389135882305,0.05992478744277285
SVM_prob,0.12,1112,0.41636690647482016,0.0,0.7275179856115108,0.39298561151079137,0.3345323741007194,0.3473675604970569,0.0776378896882494
SVM_prob,0.13,1112,0.41636690647482016,0.0,0.7257194244604317,0.3920863309352518,0.3336330935251799,0.3422331100636732,0.08750691754288853
SVM_prob,0.14,1112,0.41636690647482016,0.0,0.716726618705036,0.3920863309352518,0.3246402877697842,0.33923791199598463,0.1098406988694761
SVM_prob,0.15,1112,0.41636690647482016,0.0,0.716726618705036,0.3920863309352518,0.3246402877697842,0.33479686838764283,0.12140287769784179
SVM_prob,0.16,1112,0.41636690647482016,0.0,0.7122302158273381,0.3920863309352518,0.3201438848920864,0.33110654333675915,0.13601618705035978
SVM_prob,0.17,1112,0.41636690647482016,0.0,0.7113309352517986,0.3920863309352518,0.3192446043165468,0.3266988818583687,0.14584214980956392
SVM_prob,0.18,1112,0.41636690647482016,0.0,0.710431654676259,0.3920863309352518,0.3183453237410072,0.3222056501140551,0.15467625899280577
SVM_prob,0.19,1112,0.41636690647482016,0.0,0.6807553956834532,0.3866906474820144,0.29406474820143885,0.3177124966693312,0.16305376751230594
SVM_prob,0.2,1112,0.41636690647482016,0.0,0.6789568345323741,0.38579136690647486,0.29316546762589935,0.3125,0.16816546762589923
SVM_prob,0.21,1112,0.41636690647482016,0.0,0.6789568345323741,0.38579136690647486,0.29316546762589935,0.3078613058919953,0.1754453579993149
SVM_prob,0.22,1112,0.41636690647482016,0.0,0.6411870503597122,0.375,0.26618705035971224,0.29992160118059397,0.17078155657292324
SVM_prob,0.23,1112,0.41636690647482016,0.0,0.6348920863309353,0.3723021582733813,0.262589928057554,0.29386620573670935,0.17352205192367842
SVM_prob,0.24,1112,0.41636690647482016,0.0,0.6348920863309353,0.3723021582733813,0.262589928057554,0.2893790230973116,0.1815047961630695
SVM_prob,0.25,1112,0.41636690647482016,0.0,0.6169064748201439,0.36870503597122306,0.2482014388489209,0.28597122302158273,0.1924460431654676
SVM_prob,0.26,1112,0.41636690647482016,0.0,0.6169064748201439,0.36870503597122306,0.2482014388489209,0.2814991250243049,0.1997786386275596
SVM_prob,0.27,1112,0.41636690647482016,0.0,0.6070143884892086,0.3669064748201439,0.24010791366906478,0.2780994382576131,0.20979882760458296
SVM_prob,0.28,1112,0.41636690647482016,0.0,0.5998201438848921,0.36241007194244607,0.23741007194244607,0.270083932853717,0.20747687564234327
SVM_prob,0.29,1112,0.41636690647482016,0.0,0.5989208633093526,0.36241007194244607,0.23651079136690648,0.26580707265173775,0.21502108657901264
SVM_prob,0.3,1112,0.41636690647482016,0.0,0.5989208633093526,0.36241007194244607,0.23651079136690648,0.26104830421377184,0.22122302158273377
SVM_prob,0.31,1112,0.41636690647482016,0.0,0.5980215827338129,0.36241007194244607,0.2356115107913669,0.25655562506516527,0.22792411232304483
SVM_prob,0.32,1112,0.41636690647482016,0.0,0.5062949640287769,0.3381294964028777,0.1681654676258993,0.2589928057553957,0.24921312949640292
SVM_prob,0.33,1112,0.41636690647482016,0.0,0.49640287769784175,0.335431654676259,0.16097122302158273,0.2561473209492108,0.2583387835186397
SVM_prob,0.34,1112,0.41636690647482016,0.0,0.49550359712230213,0.3345323741007194,0.16097122302158273,0.2516078046653586,0.2638066017774016
SVM_prob,0.35000000000000003,1112,0.41636690647482016,0.0,0.493705035971223,0.3345323741007194,0.1591726618705036,0.24882401770890974,0.2724820143884891
SVM_prob,0.36,1112,0.41636690647482016,0.0,0.493705035971223,0.3345323741007194,0.1591726618705036,0.24499775179856112,0.27897681854516376
SVM_prob,0.37,1112,0.41636690647482016,0.0,0.48741007194244607,0.33183453237410077,0.15557553956834533,0.24046477104031067,0.28412405210966374
SVM_prob,0.38,1112,0.41636690647482016,0.0,0.47571942446043164,0.32553956834532377,0.15017985611510792,0.23349385008122536,0.2852612646724726
SVM_prob,0.39,1112,0.41636690647482016,0.0,0.47302158273381295,0.3246402877697842,0.14838129496402877,0.22977355820261827,0.2917819590481462
SVM_prob,0.4,1112,0.41636690647482016,0.0,0.45323741007194246,0.3183453237410072,0.13489208633093527,0.22841726618705036,0.30170863309352525
SVM_prob,0.41000000000000003,1112,0.41636690647482016,0.0,0.4523381294964029,0.3183453237410072,0.13399280575539568,0.22523167906352887,0.3085848394455168
SVM_prob,0.42,1112,0.41636690647482016,0.0,0.447841726618705,0.3165467625899281,0.131294964028777,0.2214710989828827,0.31449126413155193
SVM_prob,0.43,1112,0.41636690647482016,0.0,0.44514388489208634,0.3165467625899281,0.12859712230215828,0.21953489839707185,0.32271624560816464
SVM_prob,0.44,1112,0.41636690647482016,0.0,0.44514388489208634,0.3165467625899281,0.12859712230215828,0.21550616649537516,0.32799215173315893
SVM_prob,0.45,1112,0.41636690647482016,0.0,0.4442446043165468,0.3165467625899281,0.12769784172661872,0.21206671026814916,0.3339328537170264
SVM_prob,0.46,1112,0.41636690647482016,0.0,0.42985611510791366,0.3102517985611511,0.1196043165467626,0.20836664002131627,0.3394588676884579
SVM_prob,0.47000000000000003,1112,0.41636690647482016,0.0,0.37050359712230213,0.28327338129496404,0.08723021582733813,0.2059182842405321,0.3463186897290678
SVM_prob,0.48,1112,0.41636690647482016,0.0,0.3552158273381295,0.27697841726618705,0.07823741007194245,0.20475926950747095,0.35439148681055155
SVM_prob,0.49,1112,0.41636690647482016,0.0,0.3498201438848921,0.2751798561151079,0.07464028776978418,0.20346663845394275,0.3620430186463074
SVM_prob,0.5,1112,0.41636690647482016,0.0,0.2517985611510791,0.21672661870503596,0.03507194244604317,0.1816546762589928,0.3489208633093525
SVM_prob,0.51,1112,0.41636690647482016,0.0,0.24550359712230216,0.21223021582733814,0.03327338129496403,0.1775987373366613,0.3542283820002821
SVM_prob,0.52,1112,0.41636690647482016,0.0,0.24370503597122303,0.210431654676259,0.03327338129496403,0.17438549160671463,0.36026563364692865
SVM_prob,0.53,1112,0.41636690647482016,0.0,0.24370503597122303,0.210431654676259,0.03327338129496403,0.1729106076840655,0.36773788516356726
SVM_prob,0.54,1112,0.41636690647482016,0.0,0.2392086330935252,0.2068345323741007,0.03237410071942446,0.1688301532686894,0.3727684519051426
SVM_prob,0.55,1112,0.41636690647482016,0.0,0.23741007194244604,0.20503597122302158,0.03237410071942446,0.16546762589928057,0.37835186396337483
SVM_prob,0.56,1112,0.41636690647482016,0.0,0.2356115107913669,0.20323741007194246,0.03237410071942446,0.16203400915631133,0.383800102774923
SVM_prob,0.5700000000000001,1112,0.41636690647482016,0.0,0.2356115107913669,0.20323741007194246,0.03237410071942446,0.16032290446712397,0.3904770920106021
SVM_prob,0.58,1112,0.41636690647482016,0.0,0.2131294964028777,0.18884892086330937,0.024280575539568347,0.15531860226104832,0.3945981146117589
SVM_prob,0.59,1112,0.41636690647482016,0.0,0.2077338129496403,0.18435251798561153,0.023381294964028777,0.1507062642568872,0.39902146079746376
SVM_prob,0.6,1112,0.41636690647482016,0.0,0.19244604316546762,0.170863309352518,0.021582733812949645,0.13848920863309355,0.39838129496402874
SVM_prob,0.61,1112,0.41636690647482016,0.0,0.19154676258992806,0.16996402877697844,0.021582733812949645,0.13620641947980078,0.40451409364311836
SVM_prob,0.62,1112,0.41636690647482016,0.0,0.17805755395683454,0.1591726618705036,0.018884892086330936,0.12836046951912156,0.4071130192620098
SVM_prob,0.63,1112,0.41636690647482016,0.0,0.14928057553956833,0.1357913669064748,0.013489208633093526,0.11282325490958584,0.4053614251455978
SVM_prob,0.64,1112,0.41636690647482016,0.0,0.14838129496402877,0.1357913669064748,0.012589928057553958,0.11340927258193444,0.4132194244604317
SVM_prob,0.65,1112,0.41636690647482016,0.0,0.14388489208633093,0.13219424460431656,0.011690647482014389,0.1104830421377184,0.4189263973436636
SVM_prob,0.66,1112,0.41636690647482016,0.0,0.12320143884892086,0.11510791366906475,0.008093525179856115,0.09939695302581464,0.42034554174841954
SVM_prob,0.67,1112,0.41636690647482016,0.0,0.12140287769784172,0.11420863309352519,0.007194244604316547,0.09960213647264007,0.427614624718136
SVM_prob,0.68,1112,0.41636690647482016,0.0,0.12050359712230216,0.11420863309352519,0.006294964028776979,0.10083183453237411,0.4351460008463818
SVM_prob,0.6900000000000001,1112,0.41636690647482016,0.0,0.10611510791366907,0.10161870503597123,0.004496402877697842,0.09161058250174055,0.4377280784068398
SVM_prob,0.7000000000000001,1112,0.41636690647482016,0.0,0.1052158273381295,0.10161870503597123,0.0035971223021582736,0.09322541966426859,0.44514388489208645
SVM_prob,0.71,1112,0.41636690647482016,0.0,0.07553956834532374,0.07553956834532374,0.0,0.07553956834532374,0.44442192724693486
SVM_prob,0.72,1112,0.41636690647482016,0.0,0.0737410071942446,0.0737410071942446,0.0,0.0737410071942446,0.4503896882494005
SVM_prob,0.73,1112,0.41636690647482016,0.0,0.0737410071942446,0.0737410071942446,0.0,0.0737410071942446,0.4569084458460629
SVM_prob,0.74,1112,0.41636690647482016,0.0,0.0737410071942446,0.0737410071942446,0.0,0.0737410071942446,0.46325102080497765
SVM_prob,0.75,1112,0.41636690647482016,0.0,0.07014388489208633,0.07014388489208633,0.0,0.07014388489208633,0.4682254196642686
Decision Tree_prob,0.0,1112,0.41636690647482016,0.0,1.0,0.41636690647482016,0.5836330935251799,0.41636690647482016,
Decision Tree_prob,0.01,1112,0.41636690647482016,0.0,1.0,0.41636690647482016,0.5836330935251799,0.41047162270183857,0.0
Decision Tree_prob,0.02,1112,0.41636690647482016,0.0,1.0,0.41636690647482016,0.5836330935251799,0.4044560270151226,0.0
Decision Tree_prob,0.03,1112,0.41636690647482016,0.0,1.0,0.41636690647482016,0.5836330935251799,0.39831639842764965,0.0
Decision Tree_prob,0.04,1112,0.41636690647482016,0.0,1.0,0.41636690647482016,0.5836330935251799,0.392048860911271,0.0
Decision Tree_prob,0.05,1112,0.41636690647482016,0.0,1.0,0.41636690647482016,0.5836330935251799,0.3856493752366528,0.0
Decision Tree_prob,0.06,1112,0.41636690647482016,0.0,1.0,0.41636690647482016,0.5836330935251799,0.3791137302923619,0.0
Decision Tree_prob,0.07,1112,0.41636690647482016,0.0,1.0,0.41636690647482016,0.5836330935251799,0.37243753384389267,0.0
Decision Tree_prob,0.08,1112,0.41636690647482016,0.0,1.0,0.41636690647482016,0.5836330935251799,0.36561620269002193,0.0
Decision Tree_prob,0.09,1112,0.41636690647482016,0.0,1.0,0.41636690647482016,0.5836330935251799,0.35864495217013204,0.0
Decision Tree_prob,0.1,1112,0.41636690647482016,0.0,1.0,0.41636690647482016,0.5836330935251799,0.3515187849720224,0.0
Decision Tree_prob,0.11,1112,0.41636690647482016,0.0,0.789568345323741,0.3956834532374101,0.393884892086331,0.3470010508447175,0.02240026160889477
Decision Tree_prob,0.12,1112,0.41636690647482016,0.0,0.7464028776978417,0.38848920863309355,0.3579136690647482,0.33968279921517336,0.021282973621103318
Decision Tree_prob,0.13,1112,0.41636690647482016,0.0,0.7464028776978417,0.38848920863309355,0.3579136690647482,0.33500785578433806,0.039153292750415014
Decision Tree_prob,0.14,1112,0.41636690647482016,0.0,0.7464028776978417,0.38848920863309355,0.3579136690647482,0.3302241927388322,0.054470709146968256
Decision Tree_prob,0.15,1112,0.41636690647482016,0.0,0.7464028776978417,0.38848920863309355,0.3579136690647482,0.325327972915785,0.06774580335731423
Decision Tree_prob,0.16,1112,0.41636690647482016,0.0,0.7464028776978417,0.38848920863309355,0.3579136690647482,0.3203151764302844,0.07936151079136732
Decision Tree_prob,0.17,1112,0.41636690647482016,0.0,0.7347122302158273,0.38489208633093525,0.34982014388489213,0.31324217734246335,0.0801417689377907
Decision Tree_prob,0.18,1112,0.41636690647482016,0.0,0.6888489208633094,0.3785971223021583,0.3102517985611511,0.3104930689594666,0.10131894484412478
Decision Tree_prob,0.19,1112,0.41636690647482016,0.0,0.6888489208633094,0.3785971223021583,0.3102517985611511,0.30582200905941914,0.11236274138583868
Decision Tree_prob,0.2,1112,0.41636690647482016,0.0,0.685251798561151,0.37769784172661874,0.30755395683453235,0.3008093525179857,0.12140287769784197
Decision Tree_prob,0.21,1112,0.41636690647482016,0.0,0.6753597122302158,0.37769784172661874,0.29766187050359716,0.29857253437756126,0.14050188420692025
Decision Tree_prob,0.22,1112,0.41636690647482016,0.0,0.6699640287769785,0.37589928057553956,0.29406474820143885,0.2929579413392363,0.14609221713538245
Decision Tree_prob,0.23,1112,0.41636690647482016,0.0,0.6699640287769785,0.37589928057553956,0.29406474820143885,0.2880617583854994,0.1540897716609321
Decision Tree_prob,0.24,1112,0.41636690647482016,0.0,0.6438848920863309,0.3732014388489209,0.27068345323741005,0.28772245361605453,0.17625899280575538
Decision Tree_prob,0.25,1112,0.41636690647482016,0.0,0.6438848920863309,0.3732014388489209,0.27068345323741005,0.2829736211031175,0.18345323741007197
Decision Tree_prob,0.26,1112,0.41636690647482016,0.0,0.6241007194244604,0.36780575539568344,0.256294964028777,0.27775617343962666,0.18912562257885998
Decision Tree_prob,0.27,1112,0.41636690647482016,0.0,0.6232014388489209,0.3669064748201439,0.256294964028777,0.27211244702867843,0.19361177724487078
Decision Tree_prob,0.28,1112,0.41636690647482016,0.0,0.5404676258992805,0.3381294964028777,0.2023381294964029,0.25944244604316546,0.18011305241521072
Decision Tree_prob,0.29,1112,0.41636690647482016,0.0,0.5368705035971223,0.3381294964028777,0.19874100719424462,0.2569535920559327,0.19334532374100719
Decision Tree_prob,0.3,1112,0.41636690647482016,0.0,0.5323741007194245,0.3363309352517986,0.19604316546762593,0.2523124357656732,0.20083932853717026
Decision Tree_prob,0.31,1112,0.41636690647482016,0.0,0.5323741007194245,0.3363309352517986,0.19604316546762593,0.2482535710561985,0.2094453469482478
Decision Tree_prob,0.32,1112,0.41636690647482016,0.0,0.5305755395683454,0.335431654676259,0.19514388489208634,0.2435992382564537,0.2165017985611512
Decision Tree_prob,0.33,1112,0.41636690647482016,0.0,0.4676258992805755,0.3192446043165468,0.14838129496402877,0.24616127993127884,0.23806409417920213
Decision Tree_prob,0.34,1112,0.41636690647482016,0.0,0.4658273381294964,0.31744604316546765,0.14838129496402877,0.24100719424460432,0.24322894625476096
Decision Tree_prob,0.35000000000000003,1112,0.41636690647482016,0.0,0.36510791366906475,0.2733812949640288,0.09172661870503598,0.2239900387382402,0.22636176772867428
Decision Tree_prob,0.36,1112,0.41636690647482016,0.0,0.3597122302158273,0.2733812949640288,0.08633093525179858,0.2248201438848921,0.24310551558752996
Decision Tree_prob,0.37,1112,0.41636690647482016,0.0,0.3579136690647482,0.2724820143884892,0.085431654676259,0.22230786799132118,0.2532082442154384
Decision Tree_prob,0.38,1112,0.41636690647482016,0.0,0.3579136690647482,0.2724820143884892,0.085431654676259,0.2201206776514272,0.2634418780764861
Decision Tree_prob,0.39,1112,0.41636690647482016,0.0,0.35701438848920863,0.2724820143884892,0.08453237410071943,0.21843672602901282,0.2740499907766094
Decision Tree_prob,0.4,1112,0.41636690647482016,0.0,0.3255395683453237,0.2652877697841727,0.060251798561151086,0.22511990407673863,0.29676258992805765
Decision Tree_prob,0.41000000000000003,1112,0.41636690647482016,0.0,0.3237410071942446,0.2643884892086331,0.059352517985611516,0.22314351908303867,0.3055799263028602
Decision Tree_prob,0.42,1112,0.41636690647482016,0.0,0.30755395683453235,0.25449640287769787,0.053057553956834536,0.21607541552964526,0.30704008221993834
Decision Tree_prob,0.43,1112,0.41636690647482016,0.0,0.30755395683453235,0.25449640287769787,0.053057553956834536,0.21447052884008586,0.316003011544253
Decision Tree_prob,0.44,1112,0.41636690647482016,0.0,0.3066546762589928,0.25449640287769787,0.052158273381294966,0.21351490236382326,0.3254578155657293
Decision Tree_prob,0.45,1112,0.41636690647482016,0.0,0.3057553956834532,0.25449640287769787,0.051258992805755396,0.2125572269457162,0.33453237410071945
Decision Tree_prob,0.46,1112,0.41636690647482016,0.0,0.302158273381295,0.2535971223021583,0.048561151079136694,0.21223021582733814,0.343994369721614
Decision Tree_prob,0.47000000000000003,1112,0.41636690647482016,0.0,0.2949640287769784,0.25089928057553956,0.04406474820143885,0.21182299443464095,0.35297719271391403
Decision Tree_prob,0.48,1112,0.41636690647482016,0.0,0.2904676258992806,0.24730215827338134,0.04316546762589929,0.2074571112340897,0.3573141486810551
Decision Tree_prob,0.49,1112,0.41636690647482016,0.0,0.2823741007194245,0.24640287769784175,0.03597122302158274,0.21184229087318382,0.3707605344295991
Decision Tree_prob,0.5,1112,0.41636690647482016,0.0,0.2814748201438849,0.24640287769784175,0.03507194244604317,0.21133093525179858,0.3785971223021583
Decision Tree_prob,0.51,1112,0.41636690647482016,0.0,0.24820143884892087,0.2140287769784173,0.0341726618705036,0.17846131258258702,0.35505713076597545
Decision Tree_prob,0.52,1112,0.41636690647482016,0.0,0.24820143884892087,0.2140287769784173,0.0341726618705036,0.1770083932853717,0.36268677365799673
Decision Tree_prob,0.53,1112,0.41636690647482016,0.0,0.24820143884892087,0.2140287769784173,0.0341726618705036,0.17549364763508343,0.3700285054974888
Decision Tree_prob,0.54,1112,0.41636690647482016,0.0,0.2383093525179856,0.20503597122302158,0.03327338129496403,0.16597591492023772,0.37033706368238745
Decision Tree_prob,0.55,1112,0.41636690647482016,0.0,0.2383093525179856,0.20503597122302158,0.03327338129496403,0.1643685051958433,0.3774525833878352
Decision Tree_prob,0.56,1112,0.41636690647482016,0.0,0.23471223021582735,0.20323741007194246,0.03147482014388489,0.16317854807063442,0.38469938335046255
Decision Tree_prob,0.5700000000000001,1112,0.41636690647482016,0.0,0.2329136690647482,0.20233812949640287,0.030575539568345324,0.16180776309185207,0.39159724851697586
Decision Tree_prob,0.58,1112,0.41636690647482016,0.0,0.17446043165467626,0.14658273381294964,0.02787769784172662,0.10808496060294623,0.36039444306623664
Decision Tree_prob,0.59,1112,0.41636690647482016,0.0,0.1618705035971223,0.13489208633093527,0.026978417266187053,0.0960694858747149,0.3610535300573101
Decision Tree_prob,0.6,1112,0.41636690647482016,0.0,0.15737410071942445,0.13399280575539568,0.023381294964028777,0.09892086330935251,0.3720023980815348
Decision Tree_prob,0.61,1112,0.41636690647482016,0.0,0.13848920863309352,0.11690647482014388,0.021582733812949645,0.08314886552296623,0.37059205094940445
Decision Tree_prob,0.62,1112,0.41636690647482016,0.0,0.13758992805755396,0.11690647482014388,0.020683453237410075,0.08315978795910639,0.3794093757252263
Decision Tree_prob,0.63,1112,0.41636690647482016,0.0,0.13399280575539568,0.11600719424460432,0.01798561151079137,0.08538304491541901,0.3892457462601348
Decision Tree_prob,0.64,1112,0.41636690647482016,0.0,0.13399280575539568,0.11600719424460432,0.01798561151079137,0.0840327737809752,0.39669514388489213
Decision Tree_prob,0.65,1112,0.41636690647482016,0.0,0.13129496402877697,0.11420863309352519,0.0170863309352518,0.08247687564234327,0.4038461538461539
Decision Tree_prob,0.66,1112,0.41636690647482016,0.0,0.08273381294964029,0.06744604316546764,0.015287769784172662,0.03776978417266188,0.38859821233921965
Decision Tree_prob,0.67,1112,0.41636690647482016,0.0,0.08183453237410072,0.06744604316546764,0.014388489208633094,0.03823304992369741,0.3973880597014926
Decision Tree_prob,0.68,1112,0.41636690647482016,0.0,0.06294964028776978,0.05035971223021583,0.012589928057553958,0.023606115107913668,0.39880448582310624
Decision Tree_prob,0.6900000000000001,1112,0.41636690647482016,0.0,0.05665467625899281,0.049460431654676264,0.007194244604316547,0.03344743559990717,0.4115968095089147
Decision Tree_prob,0.7000000000000001,1112,0.41636690647482016,0.0,0.05665467625899281,0.049460431654676264,0.007194244604316547,0.03267386091127098,0.4191932168550875
Decision Tree_prob,0.71,1112,0.41636690647482016,0.0,0.052158273381294966,0.044964028776978415,0.007194244604316547,0.02735053336641032,0.42473908197385757
Decision Tree_prob,0.72,1112,0.41636690647482016,0.0,0.051258992805755396,0.044964028776978415,0.006294964028776979,0.028776978417266185,0.43290367705835336
Decision Tree_prob,0.73,1112,0.41636690647482016,0.0,0.03866906474820144,0.03237410071942446,0.006294964028776979,0.015354383160138558,0.43531339312111955
Decision Tree_prob,0.74,1112,0.41636690647482016,0.0,0.03866906474820144,0.03237410071942446,0.006294964028776979,0.014457664637520753,0.44242173828504766
Decision Tree_prob,0.75,1112,0.41636690647482016,0.0,0.03866906474820144,0.03237410071942446,0.006294964028776979,0.013489208633093525,0.4493405275779377
Logistic Regression_prob,0.0,1112,0.41636690647482016,0.0,1.0,0.41636690647482016,0.5836330935251799,0.41636690647482016,
Logistic Regression_prob,0.01,1112,0.41636690647482016,0.0,1.0,0.41636690647482016,0.5836330935251799,0.41047162270183857,0.0
Logistic Regression_prob,0.02,1112,0.41636690647482016,0.0,1.0,0.41636690647482016,0.5836330935251799,0.4044560270151226,0.0
Logistic Regression_prob,0.03,1112,0.41636690647482016,0.0,0.9037769784172662,0.387589928057554,0.5161870503597122,0.37162538010828455,-0.8630095923261383
Logistic Regression_prob,0.04,1112,0.41636690647482016,0.0,0.8821942446043165,0.38219424460431656,0.5,0.36136091127098324,-0.7365107913669061
Logistic Regression_prob,0.05,1112,0.41636690647482016,0.0,0.8669064748201439,0.3785971223021583,0.4883093525179857,0.3528966300643696,-0.6223021582733811
Logistic Regression_prob,0.06,1112,0.41636690647482016,0.0,0.8237410071942446,0.3723021582733813,0.45143884892086333,0.3434869125975815,-0.558153477218226
Logistic Regression_prob,0.07,1112,0.41636690647482016,0.0,0.8120503597122302,0.36780575539568344,0.44424460431654683,0.33436798947938423,-0.5057810894141834
Logistic Regression_prob,0.08,1112,0.41636690647482016,0.0,0.7778776978417267,0.36061151079136694,0.4172661870503597,0.32432749452611825,-0.4748201438848923
Logistic Regression_prob,0.09,1112,0.41636690647482016,0.0,0.7410071942446043,0.3525179856115108,0.38848920863309355,0.3140959759664796,-0.4504396482813747
Logistic Regression_prob,0.1,1112,0.41636690647482016,0.0,0.6924460431654677,0.3444244604316547,0.348021582733813,0.3057553956834532,-0.41187050359712235
Logistic Regression_prob,0.11,1112,0.41636690647482016,0.0,0.6312949640287769,0.32553956834532377,0.3057553956834533,0.2877495756204026,-0.4569980379332894
Logistic Regression_prob,0.12,1112,0.41636690647482016,0.0,0.585431654676259,0.31474820143884896,0.27068345323741005,0.2778368214519294,-0.4322541966426858
Logistic Regression_prob,0.13,1112,0.41636690647482016,0.0,0.5386690647482014,0.302158273381295,0.23651079136690648,0.2668175804184239,-0.417197011621472
Logistic Regression_prob,0.14,1112,0.41636690647482016,0.0,0.5359712230215827,0.3012589928057554,0.23471223021582735,0.2630500250962021,-0.358170606372045
Logistic Regression_prob,0.15,1112,0.41636690647482016,0.0,0.5116906474820144,0.28956834532374104,0.22212230215827342,0.2503702920016928,-0.3570143884892083
Logistic Regression_prob,0.16,1112,0.41636690647482016,0.0,0.5116906474820144,0.28956834532374104,0.22212230215827342,0.24725933538883182,-0.3041816546762587
Logistic Regression_prob,0.17,1112,0.41636690647482016,0.0,0.5,0.2805755395683453,0.2194244604316547,0.23563318020282564,-0.2987727465086757
Logistic Regression_prob,0.18,1112,0.41636690647482016,0.0,0.49910071942446044,0.2805755395683453,0.2185251798561151,0.23260659764871028,-0.25349720223820965
Logistic Regression_prob,0.19,1112,0.41636690647482016,0.0,0.49460431654676257,0.27877697841726623,0.21582733812949642,0.22815081268318682,-0.21876183263915175
Logistic Regression_prob,0.2,1112,0.41636690647482016,0.0,0.48651079136690645,0.27787769784172667,0.20863309352517986,0.2257194244604317,-0.178956834532374
Logistic Regression_prob,0.21,1112,0.41636690647482016,0.0,0.48381294964028776,0.27787769784172667,0.20593525179856115,0.2231354157180585,-0.14328537170263778
Logistic Regression_prob,0.22,1112,0.41636690647482016,0.0,0.46492805755395683,0.2751798561151079,0.18974820143884893,0.22166113263235565,-0.1066873773708308
Logistic Regression_prob,0.23,1112,0.41636690647482016,0.0,0.4613309352517986,0.27428057553956836,0.18705035971223022,0.21840839017098013,-0.07909759149202378
Logistic Regression_prob,0.24,1112,0.41636690647482016,0.0,0.4487410071942446,0.2715827338129496,0.17715827338129497,0.215638015903067,-0.05200839328537181
Logistic Regression_prob,0.25,1112,0.41636690647482016,0.0,0.4262589928057554,0.2670863309352518,0.1591726618705036,0.21402877697841727,-0.023381294964028798
Logistic Regression_prob,0.26,1112,0.41636690647482016,0.0,0.41906474820143885,0.2634892086330935,0.15557553956834533,0.20882753256853973,-0.007055893746541304
Logistic Regression_prob,0.27,1112,0.41636690647482016,0.0,0.3857913669064748,0.2517985611510791,0.13399280575539568,0.20223957820045332,0.004696243005595506
Logistic Regression_prob,0.28,1112,0.41636690647482016,0.0,0.3839928057553957,0.25089928057553956,0.13309352517985612,0.19914068745003996,0.02505138746145946
Logistic Regression_prob,0.29,1112,0.41636690647482016,0.0,0.34532374100719426,0.24190647482014388,0.10341726618705037,0.19966561961698245,0.05308856363185311
Logistic Regression_prob,0.3,1112,0.41636690647482016,0.0,0.3318345323741007,0.2356115107913669,0.09622302158273381,0.1943730729701953,0.0656474820143885
Logistic Regression_prob,0.31,1112,0.41636690647482016,0.0,0.32643884892086333,0.23381294964028776,0.09262589928057553,0.19219841518089875,0.0846774193548387
Logistic Regression_prob,0.32,1112,0.41636690647482016,0.0,0.3255395683453237,0.2329136690647482,0.09262589928057553,0.18932501057977147,0.10116906474820149
Logistic Regression_prob,0.33,1112,0.41636690647482016,0.0,0.32194244604316546,0.2302158273381295,0.09172661870503598,0.18503704499087298,0.11396337475474176
Logistic Regression_prob,0.34,1112,0.41636690647482016,0.0,0.3210431654676259,0.2302158273381295,0.09082733812949641,0.18342598648354044,0.1314536606009311
Logistic Regression_prob,0.35000000000000003,1112,0.41636690647482016,0.0,0.3192446043165468,0.22931654676258995,0.08992805755395683,0.18089374654122858,0.14632579650565272
Logistic Regression_prob,0.36,1112,0.41636690647482016,0.0,0.31744604316546765,0.22841726618705038,0.08902877697841728,0.17833857913669066,0.16047162270183848
Logistic Regression_prob,0.37,1112,0.41636690647482016,0.0,0.31654676258992803,0.2275179856115108,0.08902877697841728,0.1752312435765673,0.17305074859031697
Logistic Regression_prob,0.38,1112,0.41636690647482016,0.0,0.30485611510791366,0.22302158273381298,0.08183453237410072,0.17286493385936413,0.18634040136312005
Logistic Regression_prob,0.39,1112,0.41636690647482016,0.0,0.28327338129496404,0.210431654676259,0.07284172661870504,0.16386071470692298,0.18868751152923816
Logistic Regression_prob,0.4,1112,0.41636690647482016,0.0,0.27428057553956836,0.2068345323741007,0.06744604316546764,0.1618705035971223,0.20188848920863314
Logistic Regression_prob,0.41000000000000003,1112,0.41636690647482016,0.0,0.26618705035971224,0.20323741007194246,0.06294964028776978,0.15949274478722109,0.21398490963326902
Logistic Regression_prob,0.42,1112,0.41636690647482016,0.0,0.24640287769784172,0.19154676258992806,0.054856115107913675,0.15182336889109402,0.21831106543336753
Logistic Regression_prob,0.43,1112,0.41636690647482016,0.0,0.24550359712230216,0.1906474820143885,0.054856115107913675,0.14926479868736592,0.22956750878367072
Logistic Regression_prob,0.44,1112,0.41636690647482016,0.0,0.2446043165467626,0.18974820143884893,0.054856115107913675,0.1466469681397739,0.24035317200784825
Logistic Regression_prob,0.45,1112,0.41636690647482016,0.0,0.24010791366906475,0.18705035971223022,0.053057553956834536,0.14363963374754743,0.2502997601918465
Logistic Regression_prob,0.46,1112,0.41636690647482016,0.0,0.23651079136690648,0.18435251798561153,0.052158273381294966,0.13992139621636027,0.2591101032217704
Logistic Regression_prob,0.47000000000000003,1112,0.41636690647482016,0.0,0.23651079136690648,0.18435251798561153,0.052158273381294966,0.13809895479842543,0.269841573549671
Logistic Regression_prob,0.48,1112,0.41636690647482016,0.0,0.2356115107913669,0.18435251798561153,0.051258992805755396,0.13703652462645272,0.2810251798561151
Logistic Regression_prob,0.49,1112,0.41636690647482016,0.0,0.2329136690647482,0.1825539568345324,0.05035971223021583,0.13416913528001131,0.28991704595507267
Logistic Regression_prob,0.5,1112,0.41636690647482016,0.0,0.2329136690647482,0.1825539568345324,0.05035971223021583,0.13219424460431656,0.2994604316546763
Logistic Regression_prob,0.51,1112,0.41636690647482016,0.0,0.210431654676259,0.170863309352518,0.03956834532374101,0.12967992952576715,0.3081887431231486
Logistic Regression_prob,0.52,1112,0.41636690647482016,0.0,0.2014388489208633,0.16546762589928057,0.03597122302158274,0.1264988009592326,0.3160625345877145
Logistic Regression_prob,0.53,1112,0.41636690647482016,0.0,0.2014388489208633,0.16546762589928057,0.03597122302158274,0.12490433185366598,0.32516628206868464
Logistic Regression_prob,0.54,1112,0.41636690647482016,0.0,0.19154676258992806,0.16187050359712232,0.029676258992805758,0.1270331560838286,0.3371636024513723
Logistic Regression_prob,0.55,1112,0.41636690647482016,0.0,0.1681654676258993,0.14838129496402877,0.019784172661870505,0.12420063948840926,0.34458796599084374
Logistic Regression_prob,0.56,1112,0.41636690647482016,0.0,0.1672661870503597,0.1474820143884892,0.019784172661870505,0.12230215827338128,0.35258221993833505
Logistic Regression_prob,0.5700000000000001,1112,0.41636690647482016,0.0,0.1474820143884892,0.13489208633093527,0.012589928057553958,0.11820311192906141,0.3587025116748707
Logistic Regression_prob,0.58,1112,0.41636690647482016,0.0,0.1393884892086331,0.12949640287769784,0.009892086330935253,0.1158359027064063,0.36600719424460426
Logistic Regression_prob,0.59,1112,0.41636690647482016,0.0,0.13848920863309352,0.12859712230215828,0.009892086330935253,0.11436216880154414,0.37376539446408974
Logistic Regression_prob,0.6,1112,0.41636690647482016,0.0,0.1366906474820144,0.1276978417266187,0.008992805755395685,0.11420863309352516,0.38219424460431656
Logistic Regression_prob,0.61,1112,0.41636690647482016,0.0,0.1357913669064748,0.1276978417266187,0.008093525179856115,0.11503873824017707,0.39098065809647364
Logistic Regression_prob,0.62,1112,0.41636690647482016,0.0,0.13219424460431656,0.12410071942446042,0.008093525179856115,0.11089549413101098,0.3964086795080065
Logistic Regression_prob,0.63,1112,0.41636690647482016,0.0,0.13219424460431656,0.12410071942446042,0.008093525179856115,0.11031985222632704,0.4038911727760649
Logistic Regression_prob,0.64,1112,0.41636690647482016,0.0,0.125,0.11780575539568346,0.007194244604316547,0.10501598721023181,0.408498201438849
Logistic Regression_prob,0.65,1112,0.41636690647482016,0.0,0.12410071942446044,0.11690647482014388,0.007194244604316547,0.10354573484069886,0.41519092418373
Logistic Regression_prob,0.66,1112,0.41636690647482016,0.0,0.11780575539568346,0.11061151079136691,0.007194244604316547,0.09664621244181126,0.4189284935687814
Logistic Regression_prob,0.67,1112,0.41636690647482016,0.0,0.11330935251798561,0.10701438848920865,0.006294964028776979,0.09423370394593417,0.4249704713840869
Logistic Regression_prob,0.68,1112,0.41636690647482016,0.0,0.10971223021582734,0.1052158273381295,0.004496402877697842,0.09566097122302158,0.43271265340668646
Logistic Regression_prob,0.6900000000000001,1112,0.41636690647482016,0.0,0.1052158273381295,0.10161870503597123,0.0035971223021582736,0.09361220700858669,0.4386273589823794
Logistic Regression_prob,0.7000000000000001,1112,0.41636690647482016,0.0,0.10161870503597123,0.09802158273381295,0.0035971223021582736,0.08962829736211031,0.44360226104830436
Logistic Regression_prob,0.71,1112,0.41636690647482016,0.0,0.09982014388489209,0.09622302158273381,0.0035971223021582736,0.08741627387744977,0.4492729759854089
Logistic Regression_prob,0.72,1112,0.41636690647482016,0.0,0.09802158273381295,0.09442446043165469,0.0035971223021582736,0.08517471736896198,0.454836131095124
Logistic Regression_prob,0.73,1112,0.41636690647482016,0.0,0.09532374100719425,0.09172661870503597,0.0035971223021582736,0.08200106581401545,0.4599635360204987
Logistic Regression_prob,0.74,1112,0.41636690647482016,0.0,0.0764388489208633,0.0764388489208633,0.0,0.0764388489208633,0.46419891114135725
Logistic Regression_prob,0.75,1112,0.41636690647482016,0.0,0.0764388489208633,0.0764388489208633,0.0,0.0764388489208633,0.4703237410071943
all,0.0,1112,0.41636690647482016,0.0,1.0,0.41636690647482016,0.5836330935251799,0.41636690647482016,
all,0.01,1112,0.41636690647482016,0.0,1.0,0.41636690647482016,0.5836330935251799,0.41047162270183857,0.0
all,0.02,1112,0.41636690647482016,0.0,1.0,0.41636690647482016,0.5836330935251799,0.4044560270151226,0.0
all,0.03,1112,0.41636690647482016,0.0,1.0,0.41636690647482016,0.5836330935251799,0.39831639842764965,0.0
all,0.04,1112,0.41636690647482016,0.0,1.0,0.41636690647482016,0.5836330935251799,0.392048860911271,0.0
all,0.05,1112,0.41636690647482016,0.0,1.0,0.41636690647482016,0.5836330935251799,0.3856493752366528,0.0
all,0.06,1112,0.41636690647482016,0.0,1.0,0.41636690647482016,0.5836330935251799,0.3791137302923619,0.0
all,0.07,1112,0.41636690647482016,0.0,1.0,0.41636690647482016,0.5836330935251799,0.37243753384389267,0.0
all,0.08,1112,0.41636690647482016,0.0,1.0,0.41636690647482016,0.5836330935251799,0.36561620269002193,0.0
all,0.09,1112,0.41636690647482016,0.0,1.0,0.41636690647482016,0.5836330935251799,0.35864495217013204,0.0
all,0.1,1112,0.41636690647482016,0.0,1.0,0.41636690647482016,0.5836330935251799,0.3515187849720224,0.0
all,0.11,1112,0.41636690647482016,0.0,1.0,0.41636690647482016,0.5836330935251799,0.3442324791851912,0.0
all,0.12,1112,0.41636690647482016,0.0,1.0,0.41636690647482016,0.5836330935251799,0.33678057553956836,0.0
all,0.13,1112,0.41636690647482016,0.0,1.0,0.41636690647482016,0.5836330935251799,0.3291573637641611,0.0
all,0.14,1112,0.41636690647482016,0.0,1.0,0.41636690647482016,0.5836330935251799,0.3213568679939769,0.0
all,0.15,1112,0.41636690647482016,0.0,1.0,0.41636690647482016,0.5836330935251799,0.3133728311468472,0.0
all,0.16,1112,0.41636690647482016,0.0,1.0,0.41636690647482016,0.5836330935251799,0.30519869818430967,0.0
all,0.17,1112,0.41636690647482016,0.0,1.0,0.41636690647482016,0.5836330935251799,0.2968275981624339,0.0
all,0.18,1112,0.41636690647482016,0.0,1.0,0.41636690647482016,0.5836330935251799,0.2882523249692929,0.0
all,0.19,1112,0.41636690647482016,0.0,1.0,0.41636690647482016,0.5836330935251799,0.27946531663558044,0.0
all,0.2,1112,0.41636690647482016,0.0,1.0,0.41636690647482016,0.5836330935251799,0.2704586330935252,0.0
all,0.21,1112,0.41636690647482016,0.0,1.0,0.41636690647482016,0.5836330935251799,0.2612239322466078,0.0
all,0.22,1112,0.41636690647482016,0.0,1.0,0.41636690647482016,0.5836330935251799,0.2517524441984874,0.0
all,0.23,1112,0.41636690647482016,0.0,1.0,0.41636690647482016,0.5836330935251799,0.24203494347379242,0.0
all,0.24,1112,0.41636690647482016,0.0,1.0,0.41636690647482016,0.5836330935251799,0.232061719045816,0.0
all,0.25,1112,0.41636690647482016,0.0,1.0,0.41636690647482016,0.5836330935251799,0.22182254196642687,0.0
all,0.26,1112,0.41636690647482016,0.0,1.0,0.41636690647482016,0.5836330935251799,0.21130663037137856,0.0
all,0.27,1112,0.41636690647482016,0.0,1.0,0.41636690647482016,0.5836330935251799,0.20050261160934266,0.0
all,0.28,1112,0.41636690647482016,0.0,1.0,0.41636690647482016,0.5836330935251799,0.18939848121502795,0.0
all,0.29,1112,0.41636690647482016,0.0,1.0,0.41636690647482016,0.5836330935251799,0.17798155841523963,0.0
all,0.3,1112,0.41636690647482016,0.0,1.0,0.41636690647482016,0.5836330935251799,0.16623843782117165,0.0
all,0.31,1112,0.41636690647482016,0.0,1.0,0.41636690647482016,0.5836330935251799,0.15415493692002918,0.0
all,0.32,1112,0.41636690647482016,0.0,1.0,0.41636690647482016,0.5836330935251799,0.141716038933559,0.0
all,0.33,1112,0.41636690647482016,0.0,1.0,0.41636690647482016,0.5836330935251799,0.128905830559433,0.0
all,0.34,1112,0.41636690647482016,0.0,1.0,0.41636690647482016,0.5836330935251799,0.11570743405275774,0.0
all,0.35000000000000003,1112,0.41636690647482016,0.0,1.0,0.41636690647482016,0.5836330935251799,0.1021029330381848,0.0
all,0.36,1112,0.41636690647482016,0.0,1.0,0.41636690647482016,0.5836330935251799,0.0880732913669065,0.0
all,0.37,1112,0.41636690647482016,0.0,1.0,0.41636690647482016,0.5836330935251799,0.07359826424574623,0.0
all,0.38,1112,0.41636690647482016,0.0,1.0,0.41636690647482016,0.5836330935251799,0.05865630076583894,0.0
all,0.39,1112,0.41636690647482016,0.0,1.0,0.41636690647482016,0.5836330935251799,0.04322443684396743,0.0
all,0.4,1112,0.41636690647482016,0.0,1.0,0.41636690647482016,0.5836330935251799,0.027278177458033515,0.0
all,0.41000000000000003,1112,0.41636690647482016,0.0,1.0,0.41636690647482016,0.5836330935251799,0.010791366906474809,0.0
all,0.42,1112,0.41636690647482016,0.0,1.0,0.41636690647482016,0.5836330935251799,-0.0062639543537583164,0.0
all,0.43,1112,0.41636690647482016,0.0,1.0,0.41636690647482016,0.5836330935251799,-0.02391770793891196,0.0
all,0.44,1112,0.41636690647482016,0.0,1.0,0.41636690647482016,0.5836330935251799,-0.04220195272353544,0.0
all,0.45,1112,0.41636690647482016,0.0,1.0,0.41636690647482016,0.5836330935251799,-0.0611510791366906,0.0
all,0.46,1112,0.41636690647482016,0.0,1.0,0.41636690647482016,0.5836330935251799,-0.08080202504662937,0.0
all,0.47000000000000003,1112,0.41636690647482016,0.0,1.0,0.41636690647482016,0.5836330935251799,-0.10119451608524505,0.0
all,0.48,1112,0.41636690647482016,0.0,1.0,0.41636690647482016,0.5836330935251799,-0.12237133370226888,0.0
all,0.49,1112,0.41636690647482016,0.0,1.0,0.41636690647482016,0.5836330935251799,-0.14437861475525454,0.0
all,0.5,1112,0.41636690647482016,0.0,1.0,0.41636690647482016,0.5836330935251799,-0.16726618705035973,0.0
all,0.51,1112,0.41636690647482016,0.0,1.0,0.41636690647482016,0.5836330935251799,-0.1910879459697548,0.0
all,0.52,1112,0.41636690647482016,0.0,1.0,0.41636690647482016,0.5836330935251799,-0.21590227817745816,0.0
all,0.53,1112,0.41636690647482016,0.0,1.0,0.41636690647482016,0.5836330935251799,-0.24177253941527638,0.0
all,0.54,1112,0.41636690647482016,0.0,1.0,0.41636690647482016,0.5836330935251799,-0.2687675946199563,0.0
all,0.55,1112,0.41636690647482016,0.0,1.0,0.41636690647482016,0.5836330935251799,-0.2969624300559554,0.0
all,0.56,1112,0.41636690647482016,0.0,1.0,0.41636690647482016,0.5836330935251799,-0.32643884892086344,0.0
all,0.5700000000000001,1112,0.41636690647482016,0.0,1.0,0.41636690647482016,0.5836330935251799,-0.3572862640120464,0.0
all,0.58,1112,0.41636690647482016,0.0,1.0,0.41636690647482016,0.5836330935251799,-0.3896026036313805,0.0
all,0.59,1112,0.41636690647482016,0.0,1.0,0.41636690647482016,0.5836330935251799,-0.4234953500614142,0.0
all,0.6,1112,0.41636690647482016,0.0,1.0,0.41636690647482016,0.5836330935251799,-0.45908273381294956,0.0
all,0.61,1112,0.41636690647482016,0.0,1.0,0.41636690647482016,0.5836330935251799,-0.49649511160302534,0.0
all,0.62,1112,0.41636690647482016,0.0,1.0,0.41636690647482016,0.5836330935251799,-0.5358765619083681,0.0
all,0.63,1112,0.41636690647482016,0.0,1.0,0.41636690647482016,0.5836330935251799,-0.5773867392572429,0.0
all,0.64,1112,0.41636690647482016,0.0,1.0,0.41636690647482016,0.5836330935251799,-0.6212030375699442,0.0
all,0.65,1112,0.41636690647482016,0.0,1.0,0.41636690647482016,0.5836330935251799,-0.6675231243576569,0.0
all,0.66,1112,0.41636690647482016,0.0,1.0,0.41636690647482016,0.5836330935251799,-0.7165679221328822,0.0
all,0.67,1112,0.41636690647482016,0.0,1.0,0.41636690647482016,0.5836330935251799,-0.7685851318944847,0.0
all,0.68,1112,0.41636690647482016,0.0,1.0,0.41636690647482016,0.5836330935251799,-0.8238534172661873,0.0
all,0.6900000000000001,1112,0.41636690647482016,0.0,1.0,0.41636690647482016,0.5836330935251799,-0.8826873984683226,0.0
all,0.7000000000000001,1112,0.41636690647482016,0.0,1.0,0.41636690647482016,0.5836330935251799,-0.9454436450839334,0.0
all,0.71,1112,0.41636690647482016,0.0,1.0,0.41636690647482016,0.5836330935251799,-1.0125279087075167,0.0
all,0.72,1112,0.41636690647482016,0.0,1.0,0.41636690647482016,0.5836330935251799,-1.0844039054470709,0.0
all,0.73,1112,0.41636690647482016,0.0,1.0,0.41636690647482016,0.5836330935251799,-1.1616040500932585,0.0
all,0.74,1112,0.41636690647482016,0.0,1.0,0.41636690647482016,0.5836330935251799,-1.2447426674045379,0.0
all,0.75,1112,0.41636690647482016,0.0,1.0,0.41636690647482016,0.5836330935251799,-1.3345323741007196,0.0
none,0.0,1112,0.41636690647482016,0.0,0.0,0.0,0.0,0.0,-inf
none,0.01,1112,0.41636690647482016,0.0,0.0,0.0,0.0,0.0,-40.63669064748201
none,0.02,1112,0.41636690647482016,0.0,0.0,0.0,0.0,0.0,-19.818345323741006
none,0.03,1112,0.41636690647482016,0.0,0.0,0.0,0.0,0.0,-12.878896882494004
none,0.04,1112,0.41636690647482016,0.0,0.0,0.0,0.0,0.0,-9.409172661870503
none,0.05,1112,0.41636690647482016,0.0,0.0,0.0,0.0,0.0,-7.327338129496403
none,0.06,1112,0.41636690647482016,0.0,0.0,0.0,0.0,0.0,-5.939448441247004
none,0.07,1112,0.41636690647482016,0.0,0.0,0.0,0.0,0.0,-4.948098663926001
none,0.08,1112,0.41636690647482016,0.0,0.0,0.0,0.0,0.0,-4.2045863309352525
none,0.09,1112,0.41636690647482016,0.0,0.0,0.0,0.0,0.0,-3.626298960831335
none,0.1,1112,0.41636690647482016,0.0,0.0,0.0,0.0,0.0,-3.163669064748201
none,0.11,1112,0.41636690647482016,0.0,0.0,0.0,0.0,0.0,-2.7851536952256377
none,0.12,1112,0.41636690647482016,0.0,0.0,0.0,0.0,0.0,-2.4697242206235015
none,0.13,1112,0.41636690647482016,0.0,0.0,0.0,0.0,0.0,-2.2028223574986163
none,0.14,1112,0.41636690647482016,0.0,0.0,0.0,0.0,0.0,-1.9740493319630008
none,0.15,1112,0.41636690647482016,0.0,0.0,0.0,0.0,0.0,-1.7757793764988008
none,0.16,1112,0.41636690647482016,0.0,0.0,0.0,0.0,0.0,-1.6022931654676256
none,0.17,1112,0.41636690647482016,0.0,0.0,0.0,0.0,0.0,-1.4492170969107068
none,0.18,1112,0.41636690647482016,0.0,0.0,0.0,0.0,0.0,-1.3131494804156676
none,0.19,1112,0.41636690647482016,0.0,0.0,0.0,0.0,0.0,-1.191404770920106
none,0.2,1112,0.41636690647482016,0.0,0.0,0.0,0.0,0.0,-1.0818345323741008
none,0.21,1112,0.41636690647482016,0.0,0.0,0.0,0.0,0.0,-0.9826995546420008
none,0.22,1112,0.41636690647482016,0.0,0.0,0.0,0.0,0.0,-0.892576847612819
none,0.23,1112,0.41636690647482016,0.0,0.0,0.0,0.0,0.0,-0.8102908977166094
none,0.24,1112,0.41636690647482016,0.0,0.0,0.0,0.0,0.0,-0.7348621103117506
none,0.25,1112,0.41636690647482016,0.0,0.0,0.0,0.0,0.0,-0.6654676258992807
none,0.26,1112,0.41636690647482016,0.0,0.0,0.0,0.0,0.0,-0.6014111787493082
none,0.27,1112,0.41636690647482016,0.0,0.0,0.0,0.0,0.0,-0.5420996536104449
none,0.28,1112,0.41636690647482016,0.0,0.0,0.0,0.0,0.0,-0.48702466598150035
none,0.29,1112,0.41636690647482016,0.0,0.0,0.0,0.0,0.0,-0.4357479533614487
none,0.3,1112,0.41636690647482016,0.0,0.0,0.0,0.0,0.0,-0.38788968824940045
none,0.31,1112,0.41636690647482016,0.0,0.0,0.0,0.0,0.0,-0.343119053144581
none,0.32,1112,0.41636690647482016,0.0,0.0,0.0,0.0,0.0,-0.30114658273381284
none,0.33,1112,0.41636690647482016,0.0,0.0,0.0,0.0,0.0,-0.26171789840854576
none,0.34,1112,0.41636690647482016,0.0,0.0,0.0,0.0,0.0,-0.22460854845535322
none,0.35000000000000003,1112,0.41636690647482016,0.0,0.0,0.0,0.0,0.0,-0.1896197327852003
none,0.36,1112,0.41636690647482016,0.0,0.0,0.0,0.0,0.0,-0.1565747402078338
none,0.37,1112,0.41636690647482016,0.0,0.0,0.0,0.0,0.0,-0.12531596344545978
none,0.38,1112,0.41636690647482016,0.0,0.0,0.0,0.0,0.0,-0.09570238546005301
none,0.39,1112,0.41636690647482016,0.0,0.0,0.0,0.0,0.0,-0.0676074524995388
none,0.4,1112,0.41636690647482016,0.0,0.0,0.0,0.0,0.0,-0.040917266187050265
none,0.41000000000000003,1112,0.41636690647482016,0.0,0.0,0.0,0.0,0.0,-0.015529040182488138
none,0.42,1112,0.41636690647482016,0.0,0.0,0.0,0.0,0.0,0.008650222678999581
none,0.43,1112,0.41636690647482016,0.0,0.0,0.0,0.0,0.0,0.03170486866320888
none,0.44,1112,0.41636690647482016,0.0,0.0,0.0,0.0,0.0,0.053711576193590564
none,0.45,1112,0.41636690647482016,0.0,0.0,0.0,0.0,0.0,0.07474020783373296
none,0.46,1112,0.41636690647482016,0.0,0.0,0.0,0.0,0.0,0.09485455114169535
none,0.47000000000000003,1112,0.41636690647482016,0.0,0.0,0.0,0.0,0.0,0.11411296494719121
none,0.48,1112,0.41636690647482016,0.0,0.0,0.0,0.0,0.0,0.13256894484412463
none,0.49,1112,0.41636690647482016,0.0,0.0,0.0,0.0,0.0,0.1502716194391425
none,0.5,1112,0.41636690647482016,0.0,0.0,0.0,0.0,0.0,0.16726618705035973
none,0.51,1112,0.41636690647482016,0.0,0.0,0.0,0.0,0.0,0.18359430102976443
none,0.52,1112,0.41636690647482016,0.0,0.0,0.0,0.0,0.0,0.19929441062534597
none,0.53,1112,0.41636690647482016,0.0,0.0,0.0,0.0,0.0,0.21440206325505637
none,0.54,1112,0.41636690647482016,0.0,0.0,0.0,0.0,0.0,0.22895017319477756
none,0.55,1112,0.41636690647482016,0.0,0.0,0.0,0.0,0.0,0.24296926095487253
none,0.56,1112,0.41636690647482016,0.0,0.0,0.0,0.0,0.0,0.2564876670092498
none,0.5700000000000001,1112,0.41636690647482016,0.0,0.0,0.0,0.0,0.0,0.2695317430266314
none,0.58,1112,0.41636690647482016,0.0,0.0,0.0,0.0,0.0,0.28212602331927555
none,0.59,1112,0.41636690647482016,0.0,0.0,0.0,0.0,0.0,0.294293378856237
none,0.6,1112,0.41636690647482016,0.0,0.0,0.0,0.0,0.0,0.30605515587529974
none,0.61,1112,0.41636690647482016,0.0,0.0,0.0,0.0,0.0,0.3174313008609506
none,0.62,1112,0.41636690647482016,0.0,0.0,0.0,0.0,0.0,0.3284404734277095
none,0.63,1112,0.41636690647482016,0.0,0.0,0.0,0.0,0.0,0.3391001484526665
none,0.64,1112,0.41636690647482016,0.0,0.0,0.0,0.0,0.0,0.3494267086330936
none,0.65,1112,0.41636690647482016,0.0,0.0,0.0,0.0,0.0,0.35943552850027677
none,0.66,1112,0.41636690647482016,0.0,0.0,0.0,0.0,0.0,0.3691410507957272
none,0.67,1112,0.41636690647482016,0.0,0.0,0.0,0.0,0.0,0.3785568560077312
none,0.68,1112,0.41636690647482016,0.0,0.0,0.0,0.0,0.0,0.38769572577232336
none,0.6900000000000001,1112,0.41636690647482016,0.0,0.0,0.0,0.0,0.0,0.3965697007611303
none,0.7000000000000001,1112,0.41636690647482016,0.0,0.0,0.0,0.0,0.0,0.4051901336073999
none,0.71,1112,0.41636690647482016,0.0,0.0,0.0,0.0,0.0,0.41356773735940827
none,0.72,1112,0.41636690647482016,0.0,0.0,0.0,0.0,0.0,0.42171262989608316
none,0.73,1112,0.41636690647482016,0.0,0.0,0.0,0.0,0.0,0.4296343746920272
none,0.74,1112,0.41636690647482016,0.0,0.0,0.0,0.0,0.0,0.4373420182772701
none,0.75,1112,0.41636690647482016,0.0,0.0,0.0,0.0,0.0,0.4448441247002399
